Workbook

Sheet 120 - 210
A1: Tipo percorso | B1: Escursione Ant | C1: % | D1: Escursione Post | E1: % | F1: Delta | G1: Bilanciato | H1: PSI - A | I1: PSI - P
A2: Sterrato | B2: 75 | C2: =B2/Foglio1!$B$2 -> 0.75 | D2: 30 | E2: =D2/Foglio1!$B$3 -> 0.75 | F2: =C2-E2 -> 0 | G2: =IF(F2<0,"ANT",IF(F2=0,"OK",IF(F2>0,"POST"))) -> OK | H2: 120 | I2: 200
A3: Asfalto | B3: 58 | C3: =B3/Foglio1!$B$2 -> 0.58 | D3: 16 | E3: =D3/Foglio1!$B$3 -> 0.4 | F3: =C3-E3 -> 0.18 | G3: =IF(F3<0,"POST",IF(F3=0,"OK",IF(F3>0,"ANT"))) -> ANT | H3: 120 | I3: 200
A4: Asfalto | B4: 63 | C4: =B4/Foglio1!$B$2 -> 0.63 | D4: 23 | E4: =D4/Foglio1!$B$3 -> 0.575 | F4: =C4-E4 -> 0.055 | G4: =IF(F4<0,"POST",IF(F4=0,"OK",IF(F4>0,"ANT"))) -> ANT | H4: 120 | I4: 200
A5: Asfalto | B5: 50 | C5: =B5/Foglio1!$B$2 -> 0.5 | D5: 23 | E5: =D5/Foglio1!$B$3 -> 0.575 | F5: =C5-E5 -> -0.075 | G5: =IF(F5<0,"POST",IF(F5=0,"OK",IF(F5>0,"ANT"))) -> POST | H5: 120 | I5: 190
A6: Sterrato | B6: 70 | C6: =B6/Foglio1!$B$2 -> 0.7 | D6: 32 | E6: =D6/Foglio1!$B$3 -> 0.8 | F6: =C6-E6 -> -0.1 | G6: =IF(F6<0,"POST",IF(F6=0,"OK",IF(F6>0,"ANT"))) -> POST | H6: 120 | I6: 190
A7: Asfalto | B7: 67 | C7: =B7/Foglio1!$B$2 -> 0.67 | D7: 23 | E7: =D7/Foglio1!$B$3 -> 0.575 | F7: =C7-E7 -> 0.095 | G7: =IF(F7<0,"POST",IF(F7=0,"OK",IF(F7>0,"ANT"))) -> ANT | H7: 120 | I7: 190
A8: Sterrato | B8: 84 | C8: =B8/Foglio1!$B$2 -> 0.84 | D8: 27 | E8: =D8/Foglio1!$B$3 -> 0.675 | F8: =C8-E8 -> 0.165 | G8: =IF(F8<0,"POST",IF(F8=0,"OK",IF(F8>0,"ANT"))) -> ANT | H8: 120 | I8: 210
A9: Sterrato | B9: 75 | C9: =B9/Foglio1!$B$2 -> 0.75 | D9: 26 | E9: =D9/Foglio1!$B$3 -> 0.65 | F9: =C9-E9 -> 0.1 | G9: =IF(F9<0,"POST",IF(F9=0,"OK",IF(F9>0,"ANT"))) -> ANT | H9: 120 | I9: 210
A10: Sterrato Soft | B10: 59 | C10: =B10/Foglio1!$B$2 -> 0.59 | D10: 27 | E10: =D10/Foglio1!$B$3 -> 0.675 | F10: =C10-E10 -> -0.085 | G10: =IF(F10<0,"POST",IF(F10=0,"OK",IF(F10>0,"ANT"))) -> POST | H10: 120 | I10: 210
A11: Sterrato | B11: 78 | C11: =B11/Foglio1!$B$2 -> 0.78 | D11: 28 | E11: =D11/Foglio1!$B$3 -> 0.7 | F11: =C11-E11 -> 0.08 | G11: =IF(F11<0,"POST",IF(F11=0,"OK",IF(F11>0,"ANT"))) -> ANT | H11: 120 | I11: 210
A12: Sterrato | B12: 80 | C12: =B12/Foglio1!$B$2 -> 0.8 | D12: 27 | E12: =D12/Foglio1!$B$3 -> 0.675 | F12: =C12-E12 -> 0.125 | G12: =IF(F12<0,"POST",IF(F12=0,"OK",IF(F12>0,"ANT"))) -> ANT | H12: 120 | I12: 210
A13: Asfalto | B13: 55 | C13: =B13/Foglio1!$B$2 -> 0.55 | D13: 22 | E13: =D13/Foglio1!$B$3 -> 0.55 | F13: =C13-E13 -> 0 | G13: =IF(F13<0,"POST",IF(F13=0,"OK",IF(F13>0,"ANT"))) -> OK | H13: 100 | I13: 210
A14: Gara fango | B14: 87 | C14: =B14/Foglio1!$B$2 -> 0.87 | D14: 29 | E14: =D14/Foglio1!$B$3 -> 0.725 | F14: =C14-E14 -> 0.145 | G14: =IF(F14<0,"POST",IF(F14=0,"OK",IF(F14>0,"ANT"))) -> ANT | H14: 100 | I14: 200
... A46: Asfalto | B46: 63 | C46: =B46/Foglio1!$B$2 -> 0.63 | D46: 24 | E46: =D46/Foglio1!$B$3 -> 0.6 | F46: =C46-E46 -> 0.03 | G46: =IF(F46<0,"POST",IF(F46=0,"OK",IF(F46>0,"ANT"))) -> ANT | H46: 100 | I46: 190
C47: =B47/Foglio1!$B$2 -> 0 | E47: =D47/Foglio1!$B$3 -> 0 | F47: =C47-E47 -> 0 | G47: =IF(F47<0,"POST",IF(F47=0,"OK",IF(F47>0,"ANT"))) -> OK
C48: =B48/Foglio1!$B$2 -> 0 | E48: =D48/Foglio1!$B$3 -> 0 | F48: =C48-E48 -> 0 | G48: =IF(F48<0,"POST",IF(F48=0,"OK",IF(F48>0,"ANT"))) -> OK
C49: =B49/Foglio1!$B$2 -> 0 | E49: =D49/Foglio1!$B$3 -> 0 | F49: =C49-E49 -> 0 | G49: =IF(F49<0,"POST",IF(F49=0,"OK",IF(F49>0,"ANT"))) -> OK
C50: =B50/Foglio1!$B$2 -> 0 | E50: =D50/Foglio1!$B$3 -> 0 | F50: =C50-E50 -> 0 | G50: =IF(F50<0,"POST",IF(F50=0,"OK",IF(F50>0,"ANT"))) -> OK
C51: =B51/Foglio1!$B$2 -> 0 | E51: =D51/Foglio1!$B$3 -> 0 | F51: =C51-E51 -> 0 | G51: =IF(F51<0,"POST",IF(F51=0,"OK",IF(F51>0,"ANT"))) -> OK
C52: =B52/Foglio1!$B$2 -> 0 | E52: =D52/Foglio1!$B$3 -> 0 | F52: =C52-E52 -> 0 | G52: =IF(F52<0,"POST",IF(F52=0,"OK",IF(F52>0,"ANT"))) -> OK
C53: =B53/Foglio1!$B$2 -> 0 | E53: =D53/Foglio1!$B$3 -> 0 | F53: =C53-E53 -> 0 | G53: =IF(F53<0,"POST",IF(F53=0,"OK",IF(F53>0,"ANT"))) -> OK
C54: =B54/Foglio1!$B$2 -> 0 | E54: =D54/Foglio1!$B$3 -> 0 | F54: =C54-E54 -> 0 | G54: =IF(F54<0,"POST",IF(F54=0,"OK",IF(F54>0,"ANT"))) -> OK
C55: =B55/Foglio1!$B$2 -> 0 | E55: =D55/Foglio1!$B$3 -> 0 | F55: =C55-E55 -> 0 | G55: =IF(F55<0,"POST",IF(F55=0,"OK",IF(F55>0,"ANT"))) -> OK
C56: =B56/Foglio1!$B$2 -> 0 | E56: =D56/Foglio1!$B$3 -> 0 | F56: =C56-E56 -> 0 | G56: =IF(F56<0,"POST",IF(F56=0,"OK",IF(F56>0,"ANT"))) -> OK
C57: =B57/Foglio1!$B$2 -> 0 | E57: =D57/Foglio1!$B$3 -> 0 | F57: =C57-E57 -> 0 | G57: =IF(F57<0,"POST",IF(F57=0,"OK",IF(F57>0,"ANT"))) -> OK
C58: =B58/Foglio1!$B$2 -> 0 | E58: =D58/Foglio1!$B$3 -> 0 | F58: =C58-E58 -> 0 | G58: =IF(F58<0,"POST",IF(F58=0,"OK",IF(F58>0,"ANT"))) -> OK
... C101: =B101/Foglio1!$B$2 -> 0 | E101: =D101/Foglio1!$B$3 -> 0 | F101: =C101-E101 -> 0 | G101: =IF(F101<0,"POST",IF(F101=0,"OK",IF(F101>0,"ANT"))) -> OK

Sheet Foglio1
B1: MM | C1: PSI | E1: Tipo
A2: ANT | B2: 100 | C2: 100 | E2: Asfalto
A3: POST | B3: 40 | C3: 190 | E3: Gara
E4: Gara fango
E5: Sterrato
E6: Sterrato Soft
E7: Pietraia
